{
  "name" : "Finished: GGPONC 2.0 - Agreement Phase 3",
  "slug" : null,
  "description" : "Annotation of the German Guideline Program in Oncology NLP Corpus",
  "mode" : "ANNOTATION",
  "version" : 1,
  "source_documents" : [ {
    "name" : "07_malignes-melanom_0197.txt",
    "format" : "textlines",
    "state" : "CURATION_IN_PROGRESS",
    "timestamp" : 1695993107306,
    "created" : 1629119256675,
    "updated" : 1695993107307
  }, {
    "name" : "22_prostatakarzinom_0153.txt",
    "format" : "textlines",
    "state" : "CURATION_IN_PROGRESS",
    "timestamp" : 1686857709134,
    "created" : 1629119256716,
    "updated" : 1686857709134
  }, {
    "name" : "27_supportive-therapie_0765.txt",
    "format" : "textlines",
    "state" : "ANNOTATION_IN_PROGRESS",
    "timestamp" : 1633336296210,
    "created" : 1629119256773,
    "updated" : 1635149091361
  } ],
  "annotation_documents" : [ {
    "name" : "07_malignes-melanom_0197.txt",
    "user" : "annotator_je",
    "state" : "FINISHED",
    "timestamp" : 1629461977353,
    "annotatorState" : "FINISHED",
    "annotatorComment" : null,
    "sentence_accessed" : 0,
    "created" : 1629382813207,
    "updated" : 1629462184540
  }, {
    "name" : "22_prostatakarzinom_0153.txt",
    "user" : "annotator_je",
    "state" : "FINISHED",
    "timestamp" : 1629462723305,
    "annotatorState" : "FINISHED",
    "annotatorComment" : null,
    "sentence_accessed" : 0,
    "created" : 1629384806656,
    "updated" : 1629462740304
  }, {
    "name" : "27_supportive-therapie_0765.txt",
    "user" : "annotator_je",
    "state" : "FINISHED",
    "timestamp" : 1629463083952,
    "annotatorState" : "FINISHED",
    "annotatorComment" : null,
    "sentence_accessed" : 0,
    "created" : 1629385816800,
    "updated" : 1629463095735
  }, {
    "name" : "07_malignes-melanom_0197.txt",
    "user" : "annotator_jw",
    "state" : "FINISHED",
    "timestamp" : 1629898353767,
    "annotatorState" : "FINISHED",
    "annotatorComment" : null,
    "sentence_accessed" : 0,
    "created" : 1629895712745,
    "updated" : 1629898356843
  }, {
    "name" : "22_prostatakarzinom_0153.txt",
    "user" : "annotator_jw",
    "state" : "FINISHED",
    "timestamp" : 1629899522108,
    "annotatorState" : "FINISHED",
    "annotatorComment" : null,
    "sentence_accessed" : 0,
    "created" : 1629898377870,
    "updated" : 1629899524703
  }, {
    "name" : "27_supportive-therapie_0765.txt",
    "user" : "annotator_jw",
    "state" : "FINISHED",
    "timestamp" : 1629921033996,
    "annotatorState" : "FINISHED",
    "annotatorComment" : null,
    "sentence_accessed" : 0,
    "created" : 1629917976952,
    "updated" : 1629921040548
  }, {
    "name" : "07_malignes-melanom_0197.txt",
    "user" : "annotator_ng",
    "state" : "FINISHED",
    "timestamp" : 1629314151991,
    "annotatorState" : "FINISHED",
    "annotatorComment" : null,
    "sentence_accessed" : 0,
    "created" : 1629185346088,
    "updated" : 1629314156050
  }, {
    "name" : "22_prostatakarzinom_0153.txt",
    "user" : "annotator_ng",
    "state" : "FINISHED",
    "timestamp" : 1629314438588,
    "annotatorState" : "FINISHED",
    "annotatorComment" : null,
    "sentence_accessed" : 0,
    "created" : 1629187602553,
    "updated" : 1629389559427
  }, {
    "name" : "27_supportive-therapie_0765.txt",
    "user" : "annotator_ng",
    "state" : "FINISHED",
    "timestamp" : 1629315308666,
    "annotatorState" : "FINISHED",
    "annotatorComment" : null,
    "sentence_accessed" : 0,
    "created" : 1629189197192,
    "updated" : 1629389570702
  }, {
    "name" : "07_malignes-melanom_0197.txt",
    "user" : "annotator_sn",
    "state" : "FINISHED",
    "timestamp" : 1629317013713,
    "annotatorState" : "FINISHED",
    "annotatorComment" : null,
    "sentence_accessed" : 0,
    "created" : 1629123369848,
    "updated" : 1629557338600
  }, {
    "name" : "22_prostatakarzinom_0153.txt",
    "user" : "annotator_sn",
    "state" : "FINISHED",
    "timestamp" : 1629404116562,
    "annotatorState" : "FINISHED",
    "annotatorComment" : null,
    "sentence_accessed" : 0,
    "created" : 1629125746927,
    "updated" : 1629557404837
  }, {
    "name" : "27_supportive-therapie_0765.txt",
    "user" : "annotator_sn",
    "state" : "FINISHED",
    "timestamp" : 1629319745441,
    "annotatorState" : "FINISHED",
    "annotatorComment" : null,
    "sentence_accessed" : 0,
    "created" : 1629125776142,
    "updated" : 1629557438530
  }, {
    "name" : "07_malignes-melanom_0197.txt",
    "user" : "annotator_ys",
    "state" : "FINISHED",
    "timestamp" : 1629370550556,
    "annotatorState" : "FINISHED",
    "annotatorComment" : null,
    "sentence_accessed" : 0,
    "created" : 1629154878314,
    "updated" : 1629370554428
  }, {
    "name" : "22_prostatakarzinom_0153.txt",
    "user" : "annotator_ys",
    "state" : "FINISHED",
    "timestamp" : 1629369610170,
    "annotatorState" : "FINISHED",
    "annotatorComment" : null,
    "sentence_accessed" : 0,
    "created" : 1629156021578,
    "updated" : 1629370564574
  }, {
    "name" : "27_supportive-therapie_0765.txt",
    "user" : "annotator_ys",
    "state" : "FINISHED",
    "timestamp" : 1629370433297,
    "annotatorState" : "FINISHED",
    "annotatorComment" : null,
    "sentence_accessed" : 0,
    "created" : 1629156533966,
    "updated" : 1629370577077
  }, {
    "name" : "07_malignes-melanom_0197.txt",
    "user" : "_annotator_lc",
    "state" : "FINISHED",
    "timestamp" : 1633284786100,
    "annotatorState" : "FINISHED",
    "annotatorComment" : null,
    "sentence_accessed" : 0,
    "created" : 1633019270067,
    "updated" : 1633286166215
  }, {
    "name" : "22_prostatakarzinom_0153.txt",
    "user" : "_annotator_lc",
    "state" : "FINISHED",
    "timestamp" : 1633284431400,
    "annotatorState" : "FINISHED",
    "annotatorComment" : null,
    "sentence_accessed" : 0,
    "created" : 1633021334997,
    "updated" : 1633286001954
  }, {
    "name" : "27_supportive-therapie_0765.txt",
    "user" : "_annotator_lc",
    "state" : "FINISHED",
    "timestamp" : 1633286135334,
    "annotatorState" : "FINISHED",
    "annotatorComment" : null,
    "sentence_accessed" : 0,
    "created" : 1633027047477,
    "updated" : 1633286154721
  }, {
    "name" : "07_malignes-melanom_0197.txt",
    "user" : "_annotator_rk",
    "state" : "FINISHED",
    "timestamp" : 1633113652556,
    "annotatorState" : "FINISHED",
    "annotatorComment" : null,
    "sentence_accessed" : 0,
    "created" : 1633061956611,
    "updated" : 1633113717350
  }, {
    "name" : "22_prostatakarzinom_0153.txt",
    "user" : "_annotator_rk",
    "state" : "FINISHED",
    "timestamp" : 1633114484956,
    "annotatorState" : "FINISHED",
    "annotatorComment" : null,
    "sentence_accessed" : 0,
    "created" : 1633061973014,
    "updated" : 1633114523400
  }, {
    "name" : "27_supportive-therapie_0765.txt",
    "user" : "_annotator_rk",
    "state" : "FINISHED",
    "timestamp" : 1633191158569,
    "annotatorState" : "FINISHED",
    "annotatorComment" : null,
    "sentence_accessed" : 0,
    "created" : 1633061983640,
    "updated" : 1633191207215
  }, {
    "name" : "07_malignes-melanom_0197.txt",
    "user" : "_annotator_xn",
    "state" : "FINISHED",
    "timestamp" : 1633335865249,
    "annotatorState" : "FINISHED",
    "annotatorComment" : null,
    "sentence_accessed" : 0,
    "created" : 1632994533995,
    "updated" : 1633336774980
  }, {
    "name" : "22_prostatakarzinom_0153.txt",
    "user" : "_annotator_xn",
    "state" : "FINISHED",
    "timestamp" : 1633336748489,
    "annotatorState" : "FINISHED",
    "annotatorComment" : null,
    "sentence_accessed" : 0,
    "created" : 1632994545157,
    "updated" : 1633336780718
  }, {
    "name" : "27_supportive-therapie_0765.txt",
    "user" : "_annotator_xn",
    "state" : "FINISHED",
    "timestamp" : 1633335486936,
    "annotatorState" : "FINISHED",
    "annotatorComment" : null,
    "sentence_accessed" : 0,
    "created" : 1632994552348,
    "updated" : 1633336787842
  } ],
  "project_permissions" : [ {
    "level" : "USER",
    "user" : "_annotator_lc"
  }, {
    "level" : "USER",
    "user" : "_annotator_rk"
  }, {
    "level" : "USER",
    "user" : "_annotator_xn"
  }, {
    "level" : "USER",
    "user" : "annotator_je"
  }, {
    "level" : "ADMIN",
    "user" : "annotator_jw"
  }, {
    "level" : "CURATOR",
    "user" : "annotator_jw"
  }, {
    "level" : "USER",
    "user" : "annotator_jw"
  }, {
    "level" : "USER",
    "user" : "annotator_ng"
  }, {
    "level" : "USER",
    "user" : "annotator_sn"
  }, {
    "level" : "USER",
    "user" : "annotator_ys"
  }, {
    "level" : "ADMIN",
    "user" : "phlobo"
  }, {
    "level" : "CURATOR",
    "user" : "phlobo"
  } ],
  "tag_sets" : [ {
    "name" : "Coreference mentions",
    "description" : "coreference type annotation",
    "language" : "de",
    "tags" : [ {
      "tag_name" : "nam",
      "tag_description" : "nam"
    } ],
    "create_tag" : false
  }, {
    "name" : "Coreference relations",
    "description" : "coreference relation annotation",
    "language" : "de",
    "tags" : [ {
      "tag_name" : "anaphoric",
      "tag_description" : "anaphoric"
    } ],
    "create_tag" : false
  }, {
    "name" : "Dependency flavors",
    "description" : "Dependency flavors",
    "language" : "mul",
    "tags" : [ {
      "tag_name" : "basic",
      "tag_description" : "basic"
    }, {
      "tag_name" : "enhanced",
      "tag_description" : "enhanced"
    } ],
    "create_tag" : true
  }, {
    "name" : "GGPONC Entities",
    "description" : null,
    "language" : null,
    "tags" : [ {
      "tag_name" : "Finding",
      "tag_description" : null
    }, {
      "tag_name" : "Procedure",
      "tag_description" : null
    }, {
      "tag_name" : "Specification",
      "tag_description" : "Specification of another entity"
    }, {
      "tag_name" : "Substance",
      "tag_description" : null
    } ],
    "create_tag" : false
  }, {
    "name" : "GGPONC SNOMED Details",
    "description" : null,
    "language" : null,
    "tags" : [ {
      "tag_name" : "Clinical Drug",
      "tag_description" : null
    }, {
      "tag_name" : "Diagnosis or Pathology",
      "tag_description" : null
    }, {
      "tag_name" : "Diagnostic",
      "tag_description" : null
    }, {
      "tag_name" : "External Substance",
      "tag_description" : null
    }, {
      "tag_name" : "Nutrient or Body Substance",
      "tag_description" : null
    }, {
      "tag_name" : "Other Finding",
      "tag_description" : null
    }, {
      "tag_name" : "Therapeutic",
      "tag_description" : null
    } ],
    "create_tag" : false
  }, {
    "name" : "Named Entity tags",
    "description" : "Named Entity annotation",
    "language" : "de",
    "tags" : [ {
      "tag_name" : "LOC",
      "tag_description" : "Location"
    }, {
      "tag_name" : "LOCderiv",
      "tag_description" : "Location derivative"
    }, {
      "tag_name" : "LOCpart",
      "tag_description" : "Hyphenated part is location"
    }, {
      "tag_name" : "ORG",
      "tag_description" : "Organization"
    }, {
      "tag_name" : "ORGderiv",
      "tag_description" : "Organization derivative"
    }, {
      "tag_name" : "ORGpart",
      "tag_description" : "Hyphenated part is organization"
    }, {
      "tag_name" : "OTH",
      "tag_description" : "Other: Every name that is not a location, person or organisation"
    }, {
      "tag_name" : "OTHderiv",
      "tag_description" : "Other derivative"
    }, {
      "tag_name" : "OTHpart",
      "tag_description" : "Hyphenated part is Other"
    }, {
      "tag_name" : "PER",
      "tag_description" : "Person"
    }, {
      "tag_name" : "PERderiv",
      "tag_description" : "Person derivative"
    }, {
      "tag_name" : "PERpart",
      "tag_description" : "Hyphenated part is person"
    } ],
    "create_tag" : false
  }, {
    "name" : "Operation",
    "description" : "operation to be done with specified in tokenIDs token/tokens in order to correct",
    "language" : "en",
    "tags" : [ {
      "tag_name" : "delete",
      "tag_description" : "delete"
    }, {
      "tag_name" : "insert_after",
      "tag_description" : "insert after"
    }, {
      "tag_name" : "insert_before",
      "tag_description" : "insert before"
    }, {
      "tag_name" : "replace",
      "tag_description" : "replace"
    } ],
    "create_tag" : true
  }, {
    "name" : "UD Universal Dependencies (v2)",
    "description" : "The idea of universal dependencies is to propose a set of universal grammatical relations which can be used with relative fidelity to capture any dependency relation between words in any language. Each dependency relation should be typed with one of the relations in the table below.\r\n\r\nThe following table lists the 37 universal syntactic relations used in UD v2. It is a revised version of the relations originally described in Universal Stanford Dependencies: A cross-linguistic typology (de Marneffe et al. 2014).\r\n\r\n© 2014-2017 Universal Dependencies contributors.\r\n\r\nSee also: https://universaldependencies.org/u/dep/index.html",
    "language" : "mul",
    "tags" : [ {
      "tag_name" : "acl",
      "tag_description" : "clausal modifier of noun (adjectival clause)"
    }, {
      "tag_name" : "advcl",
      "tag_description" : "adverbial clause modifier"
    }, {
      "tag_name" : "advmod",
      "tag_description" : "adverbial modifier"
    }, {
      "tag_name" : "amod",
      "tag_description" : "adjectival modifier"
    }, {
      "tag_name" : "appos",
      "tag_description" : "appositional modifier"
    }, {
      "tag_name" : "aux",
      "tag_description" : "auxiliary"
    }, {
      "tag_name" : "case",
      "tag_description" : "case marking"
    }, {
      "tag_name" : "cc",
      "tag_description" : "coordinating conjunction"
    }, {
      "tag_name" : "ccomp",
      "tag_description" : "clausal complement"
    }, {
      "tag_name" : "clf",
      "tag_description" : "classifier"
    }, {
      "tag_name" : "compound",
      "tag_description" : "compound"
    }, {
      "tag_name" : "conj",
      "tag_description" : "conjunct"
    }, {
      "tag_name" : "cop",
      "tag_description" : "copula"
    }, {
      "tag_name" : "csubj",
      "tag_description" : "clausal subject"
    }, {
      "tag_name" : "dep",
      "tag_description" : "unspecified dependency"
    }, {
      "tag_name" : "det",
      "tag_description" : "determiner"
    }, {
      "tag_name" : "discourse",
      "tag_description" : "discourse element"
    }, {
      "tag_name" : "dislocated",
      "tag_description" : "dislocated elements"
    }, {
      "tag_name" : "expl",
      "tag_description" : "expletive"
    }, {
      "tag_name" : "fixed",
      "tag_description" : "fixed multiword expression"
    }, {
      "tag_name" : "flat",
      "tag_description" : "flat multiword expression"
    }, {
      "tag_name" : "goeswith",
      "tag_description" : "goes with"
    }, {
      "tag_name" : "iobj",
      "tag_description" : "indirect object"
    }, {
      "tag_name" : "list",
      "tag_description" : "list"
    }, {
      "tag_name" : "mark",
      "tag_description" : "marker"
    }, {
      "tag_name" : "nmod",
      "tag_description" : "nominal modifier"
    }, {
      "tag_name" : "nsubj",
      "tag_description" : "nominal subject"
    }, {
      "tag_name" : "nummod",
      "tag_description" : "numeric modifier"
    }, {
      "tag_name" : "obj",
      "tag_description" : "object"
    }, {
      "tag_name" : "obl",
      "tag_description" : "oblique nominal"
    }, {
      "tag_name" : "orphan",
      "tag_description" : "orphan"
    }, {
      "tag_name" : "parataxis",
      "tag_description" : "parataxis"
    }, {
      "tag_name" : "punct",
      "tag_description" : "punctuation"
    }, {
      "tag_name" : "reparandum",
      "tag_description" : "overridden disfluency"
    }, {
      "tag_name" : "root",
      "tag_description" : "root"
    }, {
      "tag_name" : "vocative",
      "tag_description" : "vocative"
    }, {
      "tag_name" : "xcomp",
      "tag_description" : "open clausal complement"
    } ],
    "create_tag" : false
  }, {
    "name" : "UD Universal POS tags (v2)",
    "description" : "These tags mark the core part-of-speech categories from the Universal Dependencies project. To distinguish additional lexical and grammatical properties of words, use the universal features.\r\n\r\n© 2017 Universal Dependencies contributors\r\n\r\nSee: https://universaldependencies.org/u/pos/index.html",
    "language" : "mul",
    "tags" : [ {
      "tag_name" : "ADJ",
      "tag_description" : "adjective"
    }, {
      "tag_name" : "ADP",
      "tag_description" : "adposition"
    }, {
      "tag_name" : "ADV",
      "tag_description" : "adverb"
    }, {
      "tag_name" : "AUX",
      "tag_description" : "auxiliary"
    }, {
      "tag_name" : "CCONJ",
      "tag_description" : "coordinating conjunction"
    }, {
      "tag_name" : "DET",
      "tag_description" : "determiner"
    }, {
      "tag_name" : "INTJ",
      "tag_description" : "interjection"
    }, {
      "tag_name" : "NOUN",
      "tag_description" : "noun"
    }, {
      "tag_name" : "NUM",
      "tag_description" : "numeral"
    }, {
      "tag_name" : "PART",
      "tag_description" : "particle"
    }, {
      "tag_name" : "PRON",
      "tag_description" : "pronoun"
    }, {
      "tag_name" : "PROPN",
      "tag_description" : "proper noun"
    }, {
      "tag_name" : "PUNCT",
      "tag_description" : "punctuation"
    }, {
      "tag_name" : "SCONJ",
      "tag_description" : "subordinating conjunction"
    }, {
      "tag_name" : "SYM",
      "tag_description" : "symbol"
    }, {
      "tag_name" : "VERB",
      "tag_description" : "verb"
    }, {
      "tag_name" : "X",
      "tag_description" : "other"
    } ],
    "create_tag" : false
  } ],
  "layers" : [ {
    "name" : "de.tudarmstadt.ukp.dkpro.core.api.syntax.type.chunk.Chunk",
    "features" : [ {
      "name" : "chunkValue",
      "tag_set" : null,
      "uiName" : "Tag",
      "type" : "uima.cas.String",
      "enabled" : true,
      "visible" : true,
      "include_in_hover" : false,
      "required" : false,
      "remember" : false,
      "hideUnconstraintFeature" : false,
      "description" : "Chunk tag",
      "project_name" : "Finished: GGPONC 2.0 - Agreement Phase 3",
      "multi_value_mode" : "NONE",
      "link_mode" : "NONE",
      "link_type_name" : null,
      "link_type_role_feature_name" : null,
      "link_type_target_feature_name" : null,
      "traits" : null,
      "curatable" : true
    } ],
    "uiName" : "Chunk",
    "type" : "span",
    "description" : null,
    "enabled" : false,
    "built_in" : true,
    "readonly" : false,
    "attach_type" : null,
    "attach_feature" : null,
    "allow_stacking" : false,
    "cross_sentence" : false,
    "show_hover" : true,
    "anchoring_mode" : "TOKENS",
    "overlap_mode" : "NO_OVERLAP",
    "validation_mode" : "ALWAYS",
    "lock_to_token_offset" : false,
    "multiple_tokens" : true,
    "project_name" : "Finished: GGPONC 2.0 - Agreement Phase 3",
    "linked_list_behavior" : false,
    "on_click_javascript_action" : null,
    "traits" : "{\"coloringRules\":{\"rules\":[]}}"
  }, {
    "name" : "de.tudarmstadt.ukp.dkpro.core.api.coref.type.Coreference",
    "features" : [ {
      "name" : "referenceRelation",
      "tag_set" : {
        "name" : "Coreference relations",
        "description" : null,
        "language" : null,
        "tags" : [ ],
        "create_tag" : false
      },
      "uiName" : "referenceRelation",
      "type" : "uima.cas.String",
      "enabled" : true,
      "visible" : true,
      "include_in_hover" : false,
      "required" : false,
      "remember" : false,
      "hideUnconstraintFeature" : false,
      "description" : "Coreference relation",
      "project_name" : "Finished: GGPONC 2.0 - Agreement Phase 3",
      "multi_value_mode" : "NONE",
      "link_mode" : "NONE",
      "link_type_name" : null,
      "link_type_role_feature_name" : null,
      "link_type_target_feature_name" : null,
      "traits" : null,
      "curatable" : true
    }, {
      "name" : "referenceType",
      "tag_set" : {
        "name" : "Coreference mentions",
        "description" : null,
        "language" : null,
        "tags" : [ ],
        "create_tag" : false
      },
      "uiName" : "referenceType",
      "type" : "uima.cas.String",
      "enabled" : true,
      "visible" : true,
      "include_in_hover" : false,
      "required" : false,
      "remember" : false,
      "hideUnconstraintFeature" : false,
      "description" : "Coreference type",
      "project_name" : "Finished: GGPONC 2.0 - Agreement Phase 3",
      "multi_value_mode" : "NONE",
      "link_mode" : "NONE",
      "link_type_name" : null,
      "link_type_role_feature_name" : null,
      "link_type_target_feature_name" : null,
      "traits" : null,
      "curatable" : true
    } ],
    "uiName" : "Coreference",
    "type" : "chain",
    "description" : null,
    "enabled" : false,
    "built_in" : true,
    "readonly" : false,
    "attach_type" : null,
    "attach_feature" : null,
    "allow_stacking" : true,
    "cross_sentence" : true,
    "show_hover" : true,
    "anchoring_mode" : "TOKENS",
    "overlap_mode" : "ANY_OVERLAP",
    "validation_mode" : "ALWAYS",
    "lock_to_token_offset" : false,
    "multiple_tokens" : true,
    "project_name" : "Finished: GGPONC 2.0 - Agreement Phase 3",
    "linked_list_behavior" : false,
    "on_click_javascript_action" : null,
    "traits" : "{}"
  }, {
    "name" : "de.tudarmstadt.ukp.dkpro.core.api.syntax.type.dependency.Dependency",
    "features" : [ {
      "name" : "flavor",
      "tag_set" : {
        "name" : "Dependency flavors",
        "description" : null,
        "language" : null,
        "tags" : [ ],
        "create_tag" : false
      },
      "uiName" : "Flavor",
      "type" : "uima.cas.String",
      "enabled" : true,
      "visible" : true,
      "include_in_hover" : false,
      "required" : false,
      "remember" : false,
      "hideUnconstraintFeature" : false,
      "description" : "Dependency relation",
      "project_name" : "Finished: GGPONC 2.0 - Agreement Phase 3",
      "multi_value_mode" : "NONE",
      "link_mode" : "NONE",
      "link_type_name" : null,
      "link_type_role_feature_name" : null,
      "link_type_target_feature_name" : null,
      "traits" : null,
      "curatable" : true
    }, {
      "name" : "DependencyType",
      "tag_set" : {
        "name" : "UD Universal Dependencies (v2)",
        "description" : null,
        "language" : null,
        "tags" : [ ],
        "create_tag" : false
      },
      "uiName" : "Relation",
      "type" : "uima.cas.String",
      "enabled" : true,
      "visible" : true,
      "include_in_hover" : false,
      "required" : false,
      "remember" : false,
      "hideUnconstraintFeature" : false,
      "description" : "Dependency relation",
      "project_name" : "Finished: GGPONC 2.0 - Agreement Phase 3",
      "multi_value_mode" : "NONE",
      "link_mode" : "NONE",
      "link_type_name" : null,
      "link_type_role_feature_name" : null,
      "link_type_target_feature_name" : null,
      "traits" : null,
      "curatable" : true
    } ],
    "uiName" : "Dependency",
    "type" : "relation",
    "description" : null,
    "enabled" : false,
    "built_in" : true,
    "readonly" : false,
    "attach_type" : {
      "name" : "de.tudarmstadt.ukp.dkpro.core.api.segmentation.type.Token"
    },
    "attach_feature" : {
      "name" : "pos",
      "layer" : "de.tudarmstadt.ukp.dkpro.core.api.segmentation.type.Token"
    },
    "allow_stacking" : false,
    "cross_sentence" : false,
    "show_hover" : true,
    "anchoring_mode" : "SINGLE_TOKEN",
    "overlap_mode" : "OVERLAP_ONLY",
    "validation_mode" : "ALWAYS",
    "lock_to_token_offset" : true,
    "multiple_tokens" : false,
    "project_name" : "Finished: GGPONC 2.0 - Agreement Phase 3",
    "linked_list_behavior" : false,
    "on_click_javascript_action" : null,
    "traits" : "{\"coloringRules\":{\"rules\":[]}}"
  }, {
    "name" : "webanno.custom.SNOMEDEntity",
    "features" : [ {
      "name" : "detail",
      "tag_set" : {
        "name" : "GGPONC SNOMED Details",
        "description" : null,
        "language" : null,
        "tags" : [ ],
        "create_tag" : false
      },
      "uiName" : "detail",
      "type" : "uima.cas.String",
      "enabled" : true,
      "visible" : true,
      "include_in_hover" : false,
      "required" : false,
      "remember" : false,
      "hideUnconstraintFeature" : false,
      "description" : null,
      "project_name" : "Finished: GGPONC 2.0 - Agreement Phase 3",
      "multi_value_mode" : "NONE",
      "link_mode" : "NONE",
      "link_type_name" : null,
      "link_type_role_feature_name" : null,
      "link_type_target_feature_name" : null,
      "traits" : "{\"multipleRows\":false,\"dynamicSize\":false,\"collapsedRows\":1,\"expandedRows\":1,\"editorType\":\"AUTO\",\"keyBindings\":[{\"keyCombo\":\"C\",\"value\":\"Clinical Drug\"},{\"keyCombo\":\"q\",\"value\":\"Diagnosis or Pathology\"},{\"keyCombo\":\"d\",\"value\":\"Diagnostic\"},{\"keyCombo\":\"e\",\"value\":\"External Substance\"},{\"keyCombo\":\"n\",\"value\":\"Nutrient or Body Substance\"},{\"keyCombo\":\"t\",\"value\":\"Therapeutic\"},{\"keyCombo\":\"f\",\"value\":\"Other Finding\"}]}",
      "curatable" : true
    }, {
      "name" : "fragment",
      "tag_set" : null,
      "uiName" : "fragment",
      "type" : "webanno.custom.SNOMEDEntity",
      "enabled" : true,
      "visible" : true,
      "include_in_hover" : false,
      "required" : false,
      "remember" : false,
      "hideUnconstraintFeature" : false,
      "description" : null,
      "project_name" : "Finished: GGPONC 2.0 - Agreement Phase 3",
      "multi_value_mode" : "ARRAY",
      "link_mode" : "WITH_ROLE",
      "link_type_name" : "webanno.custom.SNOMEDEntityFragmentLink",
      "link_type_role_feature_name" : "role",
      "link_type_target_feature_name" : "target",
      "traits" : "{\"defaultSlots\":[],\"enableRoleLabels\":false}",
      "curatable" : true
    }, {
      "name" : "completion",
      "tag_set" : null,
      "uiName" : "prefix",
      "type" : "uima.cas.String",
      "enabled" : true,
      "visible" : true,
      "include_in_hover" : false,
      "required" : false,
      "remember" : false,
      "hideUnconstraintFeature" : false,
      "description" : null,
      "project_name" : "Finished: GGPONC 2.0 - Agreement Phase 3",
      "multi_value_mode" : "NONE",
      "link_mode" : "NONE",
      "link_type_name" : null,
      "link_type_role_feature_name" : null,
      "link_type_target_feature_name" : null,
      "traits" : "{\"multipleRows\":false,\"dynamicSize\":false,\"collapsedRows\":1,\"expandedRows\":1,\"keyBindings\":[]}",
      "curatable" : true
    }, {
      "name" : "suffix",
      "tag_set" : null,
      "uiName" : "suffix",
      "type" : "uima.cas.String",
      "enabled" : true,
      "visible" : true,
      "include_in_hover" : false,
      "required" : false,
      "remember" : false,
      "hideUnconstraintFeature" : false,
      "description" : null,
      "project_name" : "Finished: GGPONC 2.0 - Agreement Phase 3",
      "multi_value_mode" : "NONE",
      "link_mode" : "NONE",
      "link_type_name" : null,
      "link_type_role_feature_name" : null,
      "link_type_target_feature_name" : null,
      "traits" : "{\"multipleRows\":false,\"dynamicSize\":false,\"collapsedRows\":1,\"expandedRows\":1,\"editorType\":\"AUTO\",\"keyBindings\":[]}",
      "curatable" : true
    }, {
      "name" : "value",
      "tag_set" : {
        "name" : "GGPONC Entities",
        "description" : null,
        "language" : null,
        "tags" : [ ],
        "create_tag" : false
      },
      "uiName" : "value",
      "type" : "uima.cas.String",
      "enabled" : true,
      "visible" : true,
      "include_in_hover" : false,
      "required" : true,
      "remember" : false,
      "hideUnconstraintFeature" : false,
      "description" : null,
      "project_name" : "Finished: GGPONC 2.0 - Agreement Phase 3",
      "multi_value_mode" : "NONE",
      "link_mode" : "NONE",
      "link_type_name" : null,
      "link_type_role_feature_name" : null,
      "link_type_target_feature_name" : null,
      "traits" : "{\"multipleRows\":false,\"dynamicSize\":false,\"collapsedRows\":1,\"expandedRows\":1,\"editorType\":\"AUTO\",\"keyBindings\":[{\"keyCombo\":\"x\",\"value\":\"Specification\"},{\"keyCombo\":\"1\",\"value\":\"Finding\"},{\"keyCombo\":\"2\",\"value\":\"Substance\"},{\"keyCombo\":\"3\",\"value\":\"Procedure\"}]}",
      "curatable" : true
    } ],
    "uiName" : "GGPONC Entities",
    "type" : "span",
    "description" : null,
    "enabled" : true,
    "built_in" : false,
    "readonly" : false,
    "attach_type" : null,
    "attach_feature" : null,
    "allow_stacking" : true,
    "cross_sentence" : false,
    "show_hover" : true,
    "anchoring_mode" : "TOKENS",
    "overlap_mode" : "ANY_OVERLAP",
    "validation_mode" : "ALWAYS",
    "lock_to_token_offset" : false,
    "multiple_tokens" : true,
    "project_name" : "Finished: GGPONC 2.0 - Agreement Phase 3",
    "linked_list_behavior" : false,
    "on_click_javascript_action" : null,
    "traits" : "{\"coloringRules\":{\"rules\":[{\"color\":\"#1bb7b7\",\"pattern\":\".*Diagnostic.*Procedure.*\"},{\"color\":\"#ed1cd9\",\"pattern\":\".*Finding.*Finding.*\"},{\"color\":\"#09752d\",\"pattern\":\".*Drug.*Substance.*\"},{\"color\":\"#321ebc\",\"pattern\":\".*Therapeutic.*Procedure.*\"},{\"color\":\"#e8002e\",\"pattern\":\".*Diagnosis.*Finding.*\"},{\"color\":\"#94f3c5\",\"pattern\":\".*External.*Substance.*Substance.*\"},{\"color\":\"#49c240\",\"pattern\":\".*Nutrient.*Substance.*Substance.*\"},{\"color\":\"#aba63f\",\"pattern\":\".*Specification\"},{\"color\":\"#000000\",\"pattern\":\".*\"}]}}"
  }, {
    "name" : "webanno.custom.GGPONCSpecification",
    "features" : [ ],
    "uiName" : "GGPONC Specification",
    "type" : "relation",
    "description" : null,
    "enabled" : true,
    "built_in" : false,
    "readonly" : false,
    "attach_type" : {
      "name" : "webanno.custom.SNOMEDEntity"
    },
    "attach_feature" : null,
    "allow_stacking" : true,
    "cross_sentence" : false,
    "show_hover" : true,
    "anchoring_mode" : "TOKENS",
    "overlap_mode" : "ANY_OVERLAP",
    "validation_mode" : "ALWAYS",
    "lock_to_token_offset" : false,
    "multiple_tokens" : true,
    "project_name" : "Finished: GGPONC 2.0 - Agreement Phase 3",
    "linked_list_behavior" : false,
    "on_click_javascript_action" : null,
    "traits" : "{\"coloringRules\":{\"rules\":[]}}"
  }, {
    "name" : "de.tudarmstadt.ukp.dkpro.core.api.segmentation.type.Lemma",
    "features" : [ {
      "name" : "value",
      "tag_set" : null,
      "uiName" : "Lemma",
      "type" : "uima.cas.String",
      "enabled" : true,
      "visible" : true,
      "include_in_hover" : false,
      "required" : false,
      "remember" : false,
      "hideUnconstraintFeature" : false,
      "description" : "lemma Annotation",
      "project_name" : "Finished: GGPONC 2.0 - Agreement Phase 3",
      "multi_value_mode" : "NONE",
      "link_mode" : "NONE",
      "link_type_name" : null,
      "link_type_role_feature_name" : null,
      "link_type_target_feature_name" : null,
      "traits" : null,
      "curatable" : true
    } ],
    "uiName" : "Lemma",
    "type" : "span",
    "description" : null,
    "enabled" : false,
    "built_in" : true,
    "readonly" : false,
    "attach_type" : {
      "name" : "de.tudarmstadt.ukp.dkpro.core.api.segmentation.type.Token"
    },
    "attach_feature" : {
      "name" : "lemma",
      "layer" : "de.tudarmstadt.ukp.dkpro.core.api.segmentation.type.Token"
    },
    "allow_stacking" : false,
    "cross_sentence" : false,
    "show_hover" : true,
    "anchoring_mode" : "SINGLE_TOKEN",
    "overlap_mode" : "NO_OVERLAP",
    "validation_mode" : "ALWAYS",
    "lock_to_token_offset" : true,
    "multiple_tokens" : false,
    "project_name" : "Finished: GGPONC 2.0 - Agreement Phase 3",
    "linked_list_behavior" : false,
    "on_click_javascript_action" : null,
    "traits" : "{\"coloringRules\":{\"rules\":[]}}"
  }, {
    "name" : "de.tudarmstadt.ukp.dkpro.core.api.lexmorph.type.morph.MorphologicalFeatures",
    "features" : [ {
      "name" : "value",
      "tag_set" : null,
      "uiName" : "Features",
      "type" : "uima.cas.String",
      "enabled" : true,
      "visible" : false,
      "include_in_hover" : false,
      "required" : false,
      "remember" : false,
      "hideUnconstraintFeature" : false,
      "description" : "Morphological features",
      "project_name" : "Finished: GGPONC 2.0 - Agreement Phase 3",
      "multi_value_mode" : "NONE",
      "link_mode" : "NONE",
      "link_type_name" : null,
      "link_type_role_feature_name" : null,
      "link_type_target_feature_name" : null,
      "traits" : null,
      "curatable" : true
    } ],
    "uiName" : "Morphological features",
    "type" : "span",
    "description" : null,
    "enabled" : false,
    "built_in" : true,
    "readonly" : false,
    "attach_type" : {
      "name" : "de.tudarmstadt.ukp.dkpro.core.api.segmentation.type.Token"
    },
    "attach_feature" : {
      "name" : "morph",
      "layer" : "de.tudarmstadt.ukp.dkpro.core.api.segmentation.type.Token"
    },
    "allow_stacking" : false,
    "cross_sentence" : false,
    "show_hover" : true,
    "anchoring_mode" : "SINGLE_TOKEN",
    "overlap_mode" : "NO_OVERLAP",
    "validation_mode" : "ALWAYS",
    "lock_to_token_offset" : true,
    "multiple_tokens" : false,
    "project_name" : "Finished: GGPONC 2.0 - Agreement Phase 3",
    "linked_list_behavior" : false,
    "on_click_javascript_action" : null,
    "traits" : "{\"coloringRules\":{\"rules\":[]}}"
  }, {
    "name" : "de.tudarmstadt.ukp.dkpro.core.api.ner.type.NamedEntity",
    "features" : [ {
      "name" : "identifier",
      "tag_set" : null,
      "uiName" : "identifier",
      "type" : "kb:<ANY>",
      "enabled" : true,
      "visible" : true,
      "include_in_hover" : false,
      "required" : false,
      "remember" : false,
      "hideUnconstraintFeature" : false,
      "description" : "Linked entity",
      "project_name" : "Finished: GGPONC 2.0 - Agreement Phase 3",
      "multi_value_mode" : "NONE",
      "link_mode" : "NONE",
      "link_type_name" : null,
      "link_type_role_feature_name" : null,
      "link_type_target_feature_name" : null,
      "traits" : null,
      "curatable" : true
    }, {
      "name" : "value",
      "tag_set" : {
        "name" : "Named Entity tags",
        "description" : null,
        "language" : null,
        "tags" : [ ],
        "create_tag" : false
      },
      "uiName" : "value",
      "type" : "uima.cas.String",
      "enabled" : true,
      "visible" : true,
      "include_in_hover" : false,
      "required" : false,
      "remember" : false,
      "hideUnconstraintFeature" : false,
      "description" : "Named entity type",
      "project_name" : "Finished: GGPONC 2.0 - Agreement Phase 3",
      "multi_value_mode" : "NONE",
      "link_mode" : "NONE",
      "link_type_name" : null,
      "link_type_role_feature_name" : null,
      "link_type_target_feature_name" : null,
      "traits" : null,
      "curatable" : true
    } ],
    "uiName" : "Named entity",
    "type" : "span",
    "description" : null,
    "enabled" : false,
    "built_in" : true,
    "readonly" : false,
    "attach_type" : null,
    "attach_feature" : null,
    "allow_stacking" : false,
    "cross_sentence" : false,
    "show_hover" : true,
    "anchoring_mode" : "TOKENS",
    "overlap_mode" : "NO_OVERLAP",
    "validation_mode" : "ALWAYS",
    "lock_to_token_offset" : false,
    "multiple_tokens" : true,
    "project_name" : "Finished: GGPONC 2.0 - Agreement Phase 3",
    "linked_list_behavior" : false,
    "on_click_javascript_action" : null,
    "traits" : "{\"coloringRules\":{\"rules\":[]}}"
  }, {
    "name" : "de.tudarmstadt.ukp.dkpro.core.api.transform.type.SofaChangeAnnotation",
    "features" : [ {
      "name" : "value",
      "tag_set" : null,
      "uiName" : "Correction",
      "type" : "uima.cas.String",
      "enabled" : true,
      "visible" : true,
      "include_in_hover" : false,
      "required" : false,
      "remember" : false,
      "hideUnconstraintFeature" : false,
      "description" : "Correct this token using the specified operation.",
      "project_name" : "Finished: GGPONC 2.0 - Agreement Phase 3",
      "multi_value_mode" : "NONE",
      "link_mode" : "NONE",
      "link_type_name" : null,
      "link_type_role_feature_name" : null,
      "link_type_target_feature_name" : null,
      "traits" : null,
      "curatable" : true
    }, {
      "name" : "operation",
      "tag_set" : {
        "name" : "Operation",
        "description" : null,
        "language" : null,
        "tags" : [ ],
        "create_tag" : false
      },
      "uiName" : "Operation",
      "type" : "uima.cas.String",
      "enabled" : true,
      "visible" : false,
      "include_in_hover" : false,
      "required" : true,
      "remember" : false,
      "hideUnconstraintFeature" : false,
      "description" : "An operation taken to change this token.",
      "project_name" : "Finished: GGPONC 2.0 - Agreement Phase 3",
      "multi_value_mode" : "NONE",
      "link_mode" : "NONE",
      "link_type_name" : null,
      "link_type_role_feature_name" : null,
      "link_type_target_feature_name" : null,
      "traits" : null,
      "curatable" : true
    } ],
    "uiName" : "Orthography Correction",
    "type" : "span",
    "description" : null,
    "enabled" : false,
    "built_in" : true,
    "readonly" : false,
    "attach_type" : null,
    "attach_feature" : null,
    "allow_stacking" : false,
    "cross_sentence" : false,
    "show_hover" : true,
    "anchoring_mode" : "SINGLE_TOKEN",
    "overlap_mode" : "NO_OVERLAP",
    "validation_mode" : "ALWAYS",
    "lock_to_token_offset" : true,
    "multiple_tokens" : false,
    "project_name" : "Finished: GGPONC 2.0 - Agreement Phase 3",
    "linked_list_behavior" : false,
    "on_click_javascript_action" : null,
    "traits" : "{\"coloringRules\":{\"rules\":[]}}"
  }, {
    "name" : "de.tudarmstadt.ukp.dkpro.core.api.lexmorph.type.pos.POS",
    "features" : [ {
      "name" : "coarseValue",
      "tag_set" : {
        "name" : "UD Universal POS tags (v2)",
        "description" : null,
        "language" : null,
        "tags" : [ ],
        "create_tag" : false
      },
      "uiName" : "UPOS",
      "type" : "uima.cas.String",
      "enabled" : true,
      "visible" : true,
      "include_in_hover" : false,
      "required" : false,
      "remember" : false,
      "hideUnconstraintFeature" : false,
      "description" : "Universal part-of-speech tag",
      "project_name" : "Finished: GGPONC 2.0 - Agreement Phase 3",
      "multi_value_mode" : "NONE",
      "link_mode" : "NONE",
      "link_type_name" : null,
      "link_type_role_feature_name" : null,
      "link_type_target_feature_name" : null,
      "traits" : null,
      "curatable" : true
    }, {
      "name" : "PosValue",
      "tag_set" : null,
      "uiName" : "XPOS",
      "type" : "uima.cas.String",
      "enabled" : true,
      "visible" : true,
      "include_in_hover" : false,
      "required" : false,
      "remember" : false,
      "hideUnconstraintFeature" : false,
      "description" : "Language-specific part-of-speech tag",
      "project_name" : "Finished: GGPONC 2.0 - Agreement Phase 3",
      "multi_value_mode" : "NONE",
      "link_mode" : "NONE",
      "link_type_name" : null,
      "link_type_role_feature_name" : null,
      "link_type_target_feature_name" : null,
      "traits" : null,
      "curatable" : true
    } ],
    "uiName" : "Part of speech",
    "type" : "span",
    "description" : null,
    "enabled" : false,
    "built_in" : true,
    "readonly" : false,
    "attach_type" : {
      "name" : "de.tudarmstadt.ukp.dkpro.core.api.segmentation.type.Token"
    },
    "attach_feature" : {
      "name" : "pos",
      "layer" : "de.tudarmstadt.ukp.dkpro.core.api.segmentation.type.Token"
    },
    "allow_stacking" : false,
    "cross_sentence" : false,
    "show_hover" : true,
    "anchoring_mode" : "SINGLE_TOKEN",
    "overlap_mode" : "NO_OVERLAP",
    "validation_mode" : "ALWAYS",
    "lock_to_token_offset" : true,
    "multiple_tokens" : false,
    "project_name" : "Finished: GGPONC 2.0 - Agreement Phase 3",
    "linked_list_behavior" : false,
    "on_click_javascript_action" : null,
    "traits" : "{\"coloringRules\":{\"rules\":[]}}"
  }, {
    "name" : "de.tudarmstadt.ukp.dkpro.core.api.semantics.type.SemArg",
    "features" : [ ],
    "uiName" : "SemArg",
    "type" : "span",
    "description" : null,
    "enabled" : false,
    "built_in" : true,
    "readonly" : false,
    "attach_type" : null,
    "attach_feature" : null,
    "allow_stacking" : true,
    "cross_sentence" : false,
    "show_hover" : true,
    "anchoring_mode" : "TOKENS",
    "overlap_mode" : "ANY_OVERLAP",
    "validation_mode" : "ALWAYS",
    "lock_to_token_offset" : false,
    "multiple_tokens" : true,
    "project_name" : "Finished: GGPONC 2.0 - Agreement Phase 3",
    "linked_list_behavior" : false,
    "on_click_javascript_action" : null,
    "traits" : "{\"coloringRules\":{\"rules\":[]}}"
  }, {
    "name" : "de.tudarmstadt.ukp.dkpro.core.api.semantics.type.SemPred",
    "features" : [ {
      "name" : "arguments",
      "tag_set" : null,
      "uiName" : "arguments",
      "type" : "de.tudarmstadt.ukp.dkpro.core.api.semantics.type.SemArg",
      "enabled" : true,
      "visible" : true,
      "include_in_hover" : false,
      "required" : false,
      "remember" : false,
      "hideUnconstraintFeature" : false,
      "description" : "Arguments of the semantic predicate",
      "project_name" : "Finished: GGPONC 2.0 - Agreement Phase 3",
      "multi_value_mode" : "ARRAY",
      "link_mode" : "WITH_ROLE",
      "link_type_name" : "de.tudarmstadt.ukp.dkpro.core.api.semantics.type.SemArgLink",
      "link_type_role_feature_name" : "role",
      "link_type_target_feature_name" : "target",
      "traits" : null,
      "curatable" : true
    }, {
      "name" : "category",
      "tag_set" : null,
      "uiName" : "category",
      "type" : "uima.cas.String",
      "enabled" : true,
      "visible" : true,
      "include_in_hover" : false,
      "required" : false,
      "remember" : false,
      "hideUnconstraintFeature" : false,
      "description" : "Category of the semantic predicate, e.g. the frame identifier.",
      "project_name" : "Finished: GGPONC 2.0 - Agreement Phase 3",
      "multi_value_mode" : "NONE",
      "link_mode" : "NONE",
      "link_type_name" : null,
      "link_type_role_feature_name" : null,
      "link_type_target_feature_name" : null,
      "traits" : null,
      "curatable" : true
    } ],
    "uiName" : "SemPred",
    "type" : "span",
    "description" : null,
    "enabled" : false,
    "built_in" : true,
    "readonly" : false,
    "attach_type" : null,
    "attach_feature" : null,
    "allow_stacking" : true,
    "cross_sentence" : false,
    "show_hover" : true,
    "anchoring_mode" : "TOKENS",
    "overlap_mode" : "ANY_OVERLAP",
    "validation_mode" : "ALWAYS",
    "lock_to_token_offset" : false,
    "multiple_tokens" : true,
    "project_name" : "Finished: GGPONC 2.0 - Agreement Phase 3",
    "linked_list_behavior" : false,
    "on_click_javascript_action" : null,
    "traits" : "{\"coloringRules\":{\"rules\":[]}}"
  }, {
    "name" : "de.tudarmstadt.ukp.dkpro.core.api.segmentation.type.SurfaceForm",
    "features" : [ {
      "name" : "value",
      "tag_set" : null,
      "uiName" : "Form",
      "type" : "uima.cas.String",
      "enabled" : true,
      "visible" : true,
      "include_in_hover" : false,
      "required" : false,
      "remember" : false,
      "hideUnconstraintFeature" : false,
      "description" : "Original surface text",
      "project_name" : "Finished: GGPONC 2.0 - Agreement Phase 3",
      "multi_value_mode" : "NONE",
      "link_mode" : "NONE",
      "link_type_name" : null,
      "link_type_role_feature_name" : null,
      "link_type_target_feature_name" : null,
      "traits" : null,
      "curatable" : true
    } ],
    "uiName" : "Surface form",
    "type" : "span",
    "description" : null,
    "enabled" : false,
    "built_in" : true,
    "readonly" : false,
    "attach_type" : null,
    "attach_feature" : null,
    "allow_stacking" : false,
    "cross_sentence" : false,
    "show_hover" : true,
    "anchoring_mode" : "TOKENS",
    "overlap_mode" : "NO_OVERLAP",
    "validation_mode" : "ALWAYS",
    "lock_to_token_offset" : false,
    "multiple_tokens" : true,
    "project_name" : "Finished: GGPONC 2.0 - Agreement Phase 3",
    "linked_list_behavior" : false,
    "on_click_javascript_action" : null,
    "traits" : "{\"coloringRules\":{\"rules\":[]}}"
  }, {
    "name" : "de.tudarmstadt.ukp.dkpro.core.api.segmentation.type.Token",
    "features" : [ {
      "name" : "lemma",
      "tag_set" : null,
      "uiName" : "lemma",
      "type" : "de.tudarmstadt.ukp.dkpro.core.api.segmentation.type.Lemma",
      "enabled" : true,
      "visible" : true,
      "include_in_hover" : false,
      "required" : false,
      "remember" : false,
      "hideUnconstraintFeature" : false,
      "description" : null,
      "project_name" : "Finished: GGPONC 2.0 - Agreement Phase 3",
      "multi_value_mode" : "NONE",
      "link_mode" : "NONE",
      "link_type_name" : null,
      "link_type_role_feature_name" : null,
      "link_type_target_feature_name" : null,
      "traits" : null,
      "curatable" : true
    }, {
      "name" : "morph",
      "tag_set" : null,
      "uiName" : "morph",
      "type" : "de.tudarmstadt.ukp.dkpro.core.api.lexmorph.type.morph.MorphologicalFeatures",
      "enabled" : true,
      "visible" : true,
      "include_in_hover" : false,
      "required" : false,
      "remember" : false,
      "hideUnconstraintFeature" : false,
      "description" : null,
      "project_name" : "Finished: GGPONC 2.0 - Agreement Phase 3",
      "multi_value_mode" : "NONE",
      "link_mode" : "NONE",
      "link_type_name" : null,
      "link_type_role_feature_name" : null,
      "link_type_target_feature_name" : null,
      "traits" : null,
      "curatable" : true
    }, {
      "name" : "pos",
      "tag_set" : null,
      "uiName" : "pos",
      "type" : "de.tudarmstadt.ukp.dkpro.core.api.lexmorph.type.pos.POS",
      "enabled" : true,
      "visible" : true,
      "include_in_hover" : false,
      "required" : false,
      "remember" : false,
      "hideUnconstraintFeature" : false,
      "description" : null,
      "project_name" : "Finished: GGPONC 2.0 - Agreement Phase 3",
      "multi_value_mode" : "NONE",
      "link_mode" : "NONE",
      "link_type_name" : null,
      "link_type_role_feature_name" : null,
      "link_type_target_feature_name" : null,
      "traits" : null,
      "curatable" : true
    } ],
    "uiName" : "Token",
    "type" : "span",
    "description" : null,
    "enabled" : true,
    "built_in" : true,
    "readonly" : false,
    "attach_type" : null,
    "attach_feature" : null,
    "allow_stacking" : false,
    "cross_sentence" : false,
    "show_hover" : true,
    "anchoring_mode" : "SINGLE_TOKEN",
    "overlap_mode" : "NO_OVERLAP",
    "validation_mode" : "NEVER",
    "lock_to_token_offset" : true,
    "multiple_tokens" : false,
    "project_name" : "Finished: GGPONC 2.0 - Agreement Phase 3",
    "linked_list_behavior" : false,
    "on_click_javascript_action" : null,
    "traits" : null
  } ],
  "disableExport" : false,
  "script_direction" : "LTR",
  "created" : 1622200970641,
  "updated" : 1679414658151,
  "anonymous_curation" : false,
  "default-preferences" : [ ],
  "knowledge_bases" : [ ],
  "external_search" : [ ],
  "curation_workflow" : {
    "id" : 19,
    "project" : {
      "id" : 21,
      "name" : "Finished: GGPONC 2.0 - Agreement Phase 3",
      "slug" : "finished_-ggponc-2_0---agreement-phase-4",
      "description" : "Annotation of the German Guideline Program in Oncology NLP Corpus",
      "mode" : "annotation",
      "version" : 1,
      "disableExport" : false,
      "scriptDirection" : "LTR",
      "created" : 1622200970641,
      "updated" : 1679414658151,
      "state" : "ANNOTATION_IN_PROGRESS",
      "anonymousCuration" : false
    },
    "mergeStrategy" : "completeAgreementNonStacked",
    "mergeStrategyTraits" : null
  },
  "project_users" : [ ],
  "recommenders" : [ {
    "alwaysSelected" : false,
    "enabled" : false,
    "feature" : "detail",
    "layerName" : "webanno.custom.SNOMEDEntity",
    "maxRecommendations" : 3,
    "name" : "[GGPONC Entities@detail] String Matcher",
    "skipEvaluation" : false,
    "statesIgnoredForTraining" : [ ],
    "threshold" : 0.0,
    "tool" : "de.tudarmstadt.ukp.inception.recommendation.imls.stringmatch.StringMatchingRecommender",
    "traits" : "{\"ignoreCase\":false}"
  }, {
    "alwaysSelected" : false,
    "enabled" : true,
    "feature" : "value",
    "layerName" : "webanno.custom.SNOMEDEntity",
    "maxRecommendations" : 3,
    "name" : "[GGPONC Entities@value] String Matcher",
    "skipEvaluation" : false,
    "statesIgnoredForTraining" : [ ],
    "threshold" : 0.0,
    "tool" : "de.tudarmstadt.ukp.inception.recommendation.imls.stringmatch.StringMatchingRecommender",
    "traits" : "{\"ignoreCase\":false}"
  } ],
  "gazeteers" : [ {
    "id" : 45,
    "name" : "Finding.txt",
    "recommender" : "[GGPONC Entities@value] String Matcher"
  }, {
    "id" : 46,
    "name" : "Procedure.txt",
    "recommender" : "[GGPONC Entities@value] String Matcher"
  } ],
  "workload_manager" : {
    "traits" : null,
    "type" : "matrix"
  },
  "user-preferences" : [ ]
}